agent_id,o_zone_id,d_zone_id,path_id,agent_type,demand_period,volume,toll,travel_time,distance,node_sequence,link_sequence,geometry
1,1,2,0,N/A,N/A,N/A,N/A,N/A,20.0,1;2,1,"LINESTRING (-112.1122625 33.47016013, -112.1109737 33.74600419)"
1002,1,3,0,N/A,N/A,N/A,N/A,N/A,30.0,1;2;3,1;2,"LINESTRING (-112.1122625 33.47016013, -112.1109737 33.74600419, -112.1403316 33.8749822)"
3003,1,4,0,N/A,N/A,N/A,N/A,N/A,50.0,1;2;3;4,1;2;3,"LINESTRING (-112.1122625 33.47016013, -112.1109737 33.74600419, -112.1403316 33.8749822, -112.1510393 34.11327557)"
4504,2,3,0,N/A,N/A,N/A,N/A,N/A,10.0,2;3,2,"LINESTRING (-112.1109737 33.74600419, -112.1403316 33.8749822)"
8505,2,4,0,N/A,N/A,N/A,N/A,N/A,30.0,2;3;4,2;3,"LINESTRING (-112.1109737 33.74600419, -112.1403316 33.8749822, -112.1510393 34.11327557)"
